Relay URL,Latitude,Longitude
strfry.bonsai.com:443,39.0438,-77.4874
nostr2.girino.org,43.6532,-79.3832
bucket.coracle.social,37.7775,-122.397
relay.nostr.com,50.1109,8.68213
relay.cyberguy.fyi,52.3676,4.90414
relay.mitosystem.net,-23.5558,-46.6396
relay.getvia.xyz,60.1699,24.9384
nostr.pbfs.io,50.4754,12.3683
relay.pprgb.app,52.52,13.405
nostr.yutakobayashi.com,43.6532,-79.3832
relay.zone667.com,60.1699,24.9384
strfry.shock.network:443,39.0438,-77.4874
nostrelay.circum.space,52.2245,8.826
relay.manneken.brussels,49.4543,11.0746
nostr.tabordalab.com,60.1699,24.9384
relay.keykeeper.world,40.7824,-74.0711
relay.lightning.pub,39.0438,-77.4874
nip85-staging.nosfabrica.com,39.0997,-94.5786
nostr.stakey.net,52.6485,4.73787
nostr.spaceshell.xyz,43.6532,-79.3832
relay.staging.plebeian.market:443,51.5072,-0.127586
spamspamspamspam.rest,43.6532,-79.3832
nostr.mom:443,50.4754,12.3683
nostr.hifish.org,47.4009,8.57814
relay.froth.zone,60.1699,24.9384
portal-relay.pareto.space,53.5488,9.98717
relay.binaryrobot.com,43.6532,-79.3832
relay.tdw.gg,34.0549,-118.243
cache.trustr.ing,43.6548,-79.3885
relay.tapestry.ninja,40.8054,-74.0241
relay.damus.io,43.6532,-79.3832
maxq.descendant.io,43.6532,-79.3832
scores.brainstorm.world,39.0997,-94.5786
relay.nostx.io,43.6532,-79.3832
relay.edufeed.org:443,49.4521,11.0767
relay-testnet.k8s.layer3.news,37.3387,-121.885
relay.nostrmap.net,60.1699,24.9384
no.str.cr:443,8.96171,-83.5246
relay.btcforplebs.com,43.6532,-79.3832
nr.yay.so,46.2126,6.1154
hasky.chat,40.7862,-74.0743
relay.trotters.cc:443,43.6532,-79.3832
nostr.thebiglake.org,32.71,-96.6745
relay.plebeian.market,50.1109,8.68213
nostrride.io,37.3986,-121.964
relay.nostr.dev.br,48.1046,11.6002
nostr.oxtr.dev:443,50.4754,12.3683
relay.cloistr.xyz,42.337,-77.3178
relay.aarpia.com,37.3986,-121.964
schnorr.me:443,43.6532,-79.3832
relay.getsafebox.app:443,43.6532,-79.3832
relay.twentyone.ist,43.7696,-79.3309
relay.ru.ac.th,13.7607,100.627
relay.mwaters.net,50.9871,2.12554
nostr-relay.zimage.com,34.282,-118.439
nostr.tac.lol,47.4748,-122.273
relay02.lnfi.network,35.6764,139.65
staging.yabu.me,35.6096,139.73
relay2.veganostr.com,60.1699,24.9384
relay.sincensura.org,43.6532,-79.3832
bitcoiner.social,47.6743,-117.112
nostr.davenov.com,50.1109,8.68213
offchain.pub,39.1585,-94.5728
0x-nostr-relay.fly.dev,38.7946,-106.535
relay.ezernode.net,52.6921,6.19372
nostr.oxtr.dev,50.4754,12.3683
nostr-dev.wellorder.net,45.5201,-122.99
nostr-relay.corb.net,39.6478,-104.988
n.bogs.ccwu.cc,43.6532,-79.3832
relay.lanavault.space,60.1699,24.9384
nostr.wecsats.io:443,43.6532,-79.3832
relay.olas.app,60.1699,24.9384
nostr.emanuelemiani.it,45.778,8.79414
nip85.nosfabrica.com,39.0997,-94.5786
nostr.2b9t.xyz:443,34.0549,-118.243
nostr.wild-vibes.ts.net,48.8566,2.35222
relay.solomonstr.com,43.6532,-79.3832
bread.nostrsms.com,40.8218,-74.45
relay.sigit.io,50.4754,12.3683
relay.chatbett.de,40.7128,-74.006
relay.nostrfeed.com,60.1699,24.9384
temp.iris.to,43.6532,-79.3832
relay.bornheimer.app,50.1109,8.68213
relay.atsocy.com,43.6532,-79.3832
nostr.debate.report,50.1109,8.68213
relay.getsafebox.app,43.6532,-79.3832
relay.artiostr.ch,43.6532,-79.3832
nostr.pbfs.io:443,50.4754,12.3683
relay-fra.zombi.cloudrodion.com,48.8566,2.35222
relay.ltgnet.work:8443,51.0511,-114.075
relay.nostriot.com,41.5695,-83.9786
relay.nostr.blockhenge.com,39.0438,-77.4874
nostr.trevena.info,43.6532,-79.3832
relayrs.notoshi.win:443,43.6532,-79.3832
nostr.easycryptosend.it,43.6532,-79.3832
basspistol.org,49.0291,8.35696
relayone.geektank.ai,39.0997,-94.5786
relay.decentralia.fr,48.122,11.589
nostr.chaima.info:443,50.1109,8.68213
support.flotilla.social,32.9483,-96.7299
relay.mostro.network,40.8302,-74.1299
relay.conduit.market,38.7946,-106.535
nostr.islandarea.net:443,35.4669,-97.6473
nostr.sathoarder.com,48.5734,7.75211
nostr.nodesmap.com,59.3327,18.0656
relay.formstr.app,43.6532,-79.3832
nostr.bitcoiner.social,47.6743,-117.112
schnorr.me,43.6532,-79.3832
nostr.planix.org,43.6532,-79.3832
public.crostr.com,43.6532,-79.3832
relay2.fiatdenier.com,50.1013,8.62643
relayone.soundhsa.com,39.0997,-94.5786
nrs-02.darkcloudarcade.com,39.9526,-75.1652
relayrs.notoshi.win,43.6532,-79.3832
no.str.cr,8.96171,-83.5246
relay.trotters.cc,43.6532,-79.3832
nostr.whitenode45.ddns.net,40.55,-74.4758
relay.binaryrobot.com:443,43.6532,-79.3832
relay.degmods.com,50.4754,12.3683
relay2.angor.io,48.1046,11.6002
nostr-01.yakihonne.com:443,1.32123,103.695
relayone.soundhsa.com:443,39.0997,-94.5786
relay.sharegap.net,43.6532,-79.3832
node.kommonzenze.de,49.4521,11.0767
relay.directsponsor.net,42.8864,-78.8784
nostr.21crypto.ch,47.5356,8.73209
soloco.nl,43.6532,-79.3832
relay-can.zombi.cloudrodion.com,43.6532,-79.3832
nostr.eu.freedomrelay.dev,49.0524,14.4347
spurline.safebox.dev,43.6532,-79.3832
chat-relay.zap-work.com:443,43.6532,-79.3832
relay5.bitransfer.org,43.6532,-79.3832
zencrown.relay2aeon.quest,52.3061,4.6907
nostrcity-club.fly.dev,38.7946,-106.535
vault.iris.to:443,43.6532,-79.3832
relay1.privkey.io,25.7617,-80.1918
nostr.chaima.info,50.1109,8.68213
n.kojira.io,43.6532,-79.3832
nostr.fullstackcash.net,45.5201,-122.99
relay.klabo.world,47.674,-122.122
relay.lacrypta.ar,43.6532,-79.3832
relay.tdw.lol,41.8781,-87.6298
relay.orly.dev,32.7767,-96.797
relay.orangesync.tech,40.7128,-74.006
nostr-kyomu-haskell.onrender.com,37.7775,-122.397
cs-relay.nostrdev.com,50.4754,12.3683
relay.illuminodes.com,43.6532,-79.3832
nostr.data.haus,50.4754,12.3683
top.testrelay.top,43.6532,-79.3832
nostr.jcera.eu,43.6532,-79.3832
relay.edufeed.org,49.4521,11.0767
relay.wisp.talk:443,49.4543,11.0746
dm-test-strfry-discovery.samt.st,43.6532,-79.3832
relay.nmail.li,50.9871,2.12554
nostr.relay.hedwig.sh,60.1699,24.9384
nostr.now,35.8099,140.12
nostr.azzamo.net,52.2633,21.0283
relay.s-w.art,43.6532,-79.3832
nostr-rs-relay-ishosta.phamthanh.me,43.6532,-79.3832
infinity-signal-relay.digitalforlifeagency.workers.dev,43.6532,-79.3832
nostr-01.yakihonne.com,1.32123,103.695
nostr-rs-relay-qj1h.onrender.com,37.7775,-122.397
relay.i9.eti.br,43.6532,-79.3832
nostr2.girino.org:443,43.6532,-79.3832
relay.nostrhub.fr,48.1045,11.6004
relay.earthly.city,34.1749,-118.54
yabu.me,35.6096,139.73
relay.agentry.com,42.8864,-78.8784
cs-relay.nostrdev.com:443,50.4754,12.3683
relay.nearhood.co.uk,51.5134,-0.0890675
nostr.tbxnetworx.de,47.8226,10.0064
relay.ditto.pub:443,43.6532,-79.3832
treuzkas.branruz.com,48.8575,2.35138
relay.beginningend.com,35.2227,-97.4786
nostr-01.uid.ovh,50.9871,2.12554
nostr-relay.xbytez.io:443,50.6924,3.20113
nostr.mom,50.4754,12.3683
denimroad.feeds.relay.tools,38.6327,-90.1961
relay.jmoose.rocks:443,32.7767,-96.797
relay.dreamith.to,43.6532,-79.3832
articles.layer3.news:443,37.3387,-121.885
bridge.tagomago.me,42.3601,-71.0589
relay.veganostr.com,60.1699,24.9384
relay.piazza.today,48.122,11.589
relay.layer.systems,43.6532,-79.3832
relay.rebelbase.social,50.965,5.50082
relay.nostrmap.net:443,60.1699,24.9384
dev-relay.nostreon.com,60.1699,24.9384
relay.samt.st,40.8302,-74.1299
relay.bullishbounty.com,43.6532,-79.3832
relay.bullishbounty.com:443,43.6532,-79.3832
dm-test-strfry-generic.samt.st,43.6532,-79.3832
nostr.myshosholoza.co.za,52.3676,4.90414
relay.ohstr.com:443,43.6532,-79.3832
relay.jcera.eu,43.6532,-79.3832
budabit.nostr1.com,40.7057,-74.0136
relay.gulugulu.moe:443,43.6532,-79.3832
relay.kilombino.com,43.6532,-79.3832
adre.su,59.9311,30.3609
nostrcity-club.fly.dev:443,38.7946,-106.535
nostr.rtvslawenia.com:443,49.4543,11.0746
relay.cypherguide.org,1.32123,103.695
relay.paulstephenborile.com:443,49.4543,11.0746
bcast.girino.org,43.6532,-79.3832
relay.bitos.space,43.6532,-79.3832
strfry.ymir.cloud,43.6532,-79.3832
relay.agora.social,50.7383,15.0648
conduit-congee.fly.dev,38.7946,-106.535
relay2.nostrasia.net,43.6532,-79.3832
relay.staging.plebeian.market,51.5072,-0.127586
nostrrelay.taylorperron.com,45.5029,-73.5723
relay.wisp.talk,49.4543,11.0746
nostr-rs-relay.dev.fedibtc.com:443,39.0438,-77.4874
nostr.tagomago.me,42.3601,-71.0589
relay.ohstr.com,43.6532,-79.3832
washer-albuquerque-jake-correction.trycloudflare.com,43.6532,-79.3832
relay-dev.gulugulu.moe:443,43.6532,-79.3832
relay.mleku.dev,32.7767,-96.797
relay.lanacoin-eternity.com,40.8302,-74.1299
relay.jmoose.rocks,32.7767,-96.797
relay.snotr.nl:49999,51.9758,4.31389
relay.hivescope.xyz,40.4332,-3.62431
relay.loveisbitcoin.com,43.6532,-79.3832
21milionidinostr.duckdns.org,41.8945,12.6493
nostr-relay.cbrx.io,43.6532,-79.3832
nostr-02.yakihonne.com,1.32123,103.695
relay.mappingbitcoin.com,43.6532,-79.3832
relay-arg.zombi.cloudrodion.com,1.35208,103.82
relay.pyramid.li,47.4093,8.46503
offchain.pub:443,39.1585,-94.5728
relay.wavlake.com:443,41.2619,-95.8608
nostr-verified.wellorder.net,45.5201,-122.99
relay.hivetalk.org,40.8302,-74.1299
talon.quest,43.6532,-79.3832
relay.t6x.host,40.8302,-74.1299
nostr.computingcache.com,45.5341,-122.956
pymd.kamp.site,38.9072,-77.0369
relay.veganostr.com:443,60.1699,24.9384
relay.wellorder.net,45.5201,-122.99
relay.bowlafterbowl.com,32.9483,-96.7299
relay.yoinekodo.jp,43.6532,-79.3832
nostr.nestoris.online,55.568,37.5853
relay.vrtmrz.net,43.6532,-79.3832
groups.beginningend.com,35.2227,-97.4786
relay.valleirug.nl,52.0274,5.62427
articles.layer3.news,37.3387,-121.885
openrelay.ziomc.com,41.8967,12.4822
relay-us.zombi.cloudrodion.com,40.7862,-74.0743
wheat.oslim.dev,43.6532,-79.3832
vm-1734.lnvps.cloud,53.3498,-6.26031
nostr.4rs.nl,49.0291,8.35696
social.amanah.eblessing.co,48.1046,11.6002
relay.noeudlibre.fr,50.6924,3.20113
relay.minibolt.info,43.6532,-79.3832
nostr.notribe.net,40.8302,-74.1299
nostr-rs-relay.dev.fedibtc.com,39.0438,-77.4874
nostr.snowbla.de,50.4754,12.3683
nostr.88mph.life,52.1941,-2.21905
nostr.stakey.net:443,52.6485,4.73787
cdn.satellite.earth,40.8302,-74.1299
nostr.na.social,43.6532,-79.3832
nos.lol,50.4754,12.3683
nostr.christiansass.de,51.223,6.78245
nostr.robosats.org,64.1476,-21.9392
bendernostur.duckdns.org:8443,50.1109,8.68213
vault.iris.to,43.6532,-79.3832
relay.notoshi.win,13.3396,100.93
nostr-relay.corb.net:443,39.6478,-104.988
relay.sigit.io:443,50.4754,12.3683
nostr.unkn0wn.world,47.4464,8.21073
nostr.txlyre.website,60.1699,24.9384
relay.nostr.net,43.6532,-79.3832
kotukonostr.onrender.com,37.7775,-122.397
nostr.janx.com,43.6532,-79.3832
relay.kizuna-miki.com,35.694,139.754
relay.satmaxt.xyz:443,43.6532,-79.3832
relay.openspecs.uid.ovh,50.9871,2.12554
bitchat.nostr1.com,40.7057,-74.0136
freelay.sovbit.host,60.1699,24.9384
chorus.mikedilger.com:444,-36.8906,174.794
nostr.linky.fit,50.1109,8.68213
n.musicroadmap.com,35.694,139.754
relay.qstr.app,50.1109,8.68213
bruh.samt.st,43.6532,-79.3832
relay.satmaxt.xyz,43.6532,-79.3832
relay.bitmacro.cloud,43.6532,-79.3832
chorus.bonsai.com,39.0438,-77.4874
prl.plus,54.9486,21.7283
relay.budabit.club,49.4543,11.0746
strfry.shock.network,39.0438,-77.4874
relay.chorus.community:443,50.1109,8.68213
nostr.snowbla.de:443,50.4754,12.3683
relay01.lnfi.network,35.6764,139.65
relay.vrtmrz.net:443,43.6532,-79.3832
relayone.geektank.ai:443,39.0997,-94.5786
myvoiceourstory.org,44.8484,-123.234
nostr.bitcoiner.social:443,47.6743,-117.112
relay.monostr.com,50.4754,12.3683
offchain.bostr.online,43.6532,-79.3832
relay.shadowbip.com,54.352,18.6466
nostr-relay.xbytez.io,50.6924,3.20113
relay.bnos.space,43.6532,-79.3832
buzz.cashu.space,43.6532,-79.3832
relay.44billion.net,43.6532,-79.3832
nostr.girino.org,43.6532,-79.3832
relay.angor.io,48.1046,11.6002
nostr.purpura.cloud,43.6532,-79.3832
relay.flashapp.me,43.6548,-79.3885
nostr-02.uid.ovh,50.9871,2.12554
relay2.orangesync.tech,40.7128,-74.006
wisp.djorivaltech.com,43.6532,-79.3832
relay.fiatdenier.com,43.7787,-79.5393
relay.gulugulu.moe,43.6532,-79.3832
relay.underorion.se,51.4998,-0.011072
relay.duck1123.com,43.6532,-79.3832
relay.littlebitstudios.com,43.6532,-79.3832
relay.chorus.community,50.1109,8.68213
relay.scuba323.com,40.8218,-74.45
nostr.spicyz.io,43.6532,-79.3832
borgar.lol,52.3676,4.90414
nostr.7580.nl,52.175,5.45833
fanfares.nostr1.com:443,40.7057,-74.0136
cyberspace.nostr1.com,40.7057,-74.0136
nostrelay.circum.space:443,52.2245,8.826
relay.routstr.com,59.4016,17.9455
relay.islandbitcoin.com,20.3898,78.0903
relay-dev.gulugulu.moe,43.6532,-79.3832
public.crostr.com:443,43.6532,-79.3832
relay.plebeian.market:443,50.1109,8.68213
nostr.dzo-hadar.ts.net,35.6764,139.65
chat-relay.zap-work.com,43.6532,-79.3832
nostr.n7ekb.net,47.4941,-122.294
nos.lol:443,50.4754,12.3683
relay.nostrfy.org,35.6916,139.768
nostrcheck.me,43.6532,-79.3832
nexus.libernet.app,43.6532,-79.3832
nostr.rtvslawenia.com,49.4543,11.0746
relay.satsapp.me,50.4754,12.3683
fanfares.nostr1.com,40.7057,-74.0136
relay.nostrian-conquest.com,41.223,-111.974
dev-relay.nostr.space,43.6532,-79.3832
relay.satsmarkt.club,52.3676,4.90414
relay.paulstephenborile.com,49.4543,11.0746
relay.satlantis.io,39.0438,-77.4874
nostras.app,38.7946,-106.535
nosflare-leefcore.leefcore.workers.dev,43.6532,-79.3832
nostr.wecsats.io,43.6532,-79.3832
nostr.2b9t.xyz,34.0549,-118.243
relay.primal.net,43.6532,-79.3832
relay-na1.metanomalist.com,43.6532,-79.3832
relay.internationalright-wing.org,-22.4692,-48.9875
nostrue.com,40.8054,-74.0241
ynostr.yael.at,60.1699,24.9384
auth.nostr1.com,40.7057,-74.0136
nostr.islandarea.net,35.4669,-97.6473
nostr-pub.wellorder.net,45.5201,-122.99
relay.wasabiwallet.io,43.6532,-79.3832
nostr.pro.aw,43.6532,-79.3832
relay.nostr.space,43.6532,-79.3832
relay.mypathtofire.de,42.8864,-78.8784
nostr.liberty.fans,36.8767,-89.5879
relay.favillakey.io,-27.4705,153.026
strfry.bonsai.com,39.0438,-77.4874
relay.wavlake.com,41.2619,-95.8608
dm-test-nostr-rs-42-disabled.samt.st,43.6532,-79.3832
relay.dyne.org,49.0291,8.35705
relay.fountain.fm:443,43.6532,-79.3832
inbox.scuba323.com,40.8218,-74.45
nostr.twinkle.lol,51.902,7.6657
nostr.sathoarder.com:443,48.5734,7.75211
relay.guggero.org,46.5971,9.59652
relay.ditto.pub,43.6532,-79.3832
testr.nymble.world,40.8054,-74.0241
x.kojira.io,43.6532,-79.3832
relay.lightning.pub:443,39.0438,-77.4874
relay.lanacoin-eternity.com:443,40.8302,-74.1299
nostr.ltd,19.076,72.8777
dev.relay.stream,43.6532,-79.3832
